ID,group,brsi_all,pre_mood,post_mood,diff_mood,pre_ci,pre_ci_all_1,pre_ci_all_2,pre_ci_all_3,pre_ci_all_4,post_ci_all,post_ci_all_1,post_ci_all_2,post_ci_all_3,post_ci_all_4,diff_ci
1,1,3,0.446296296296296,0.253636363636364,-0.192659932659933,1,2,0,1,1,1.5,2,1,2,1,0.5
2,1,1,0.703645833333333,0.766060596812855,0.0624147634795218,0,0,0,0,0,0,0,0,0,0,0
3,1,3,0.602083333333333,0.416363636363636,-0.185719696969697,0,0,0,0,0,0,0,0,0,0,0
4,1,2,0.693265007320644,0.525454545454546,-0.167810461866099,0.25,0,0,0,1,0,0,0,0,0,-0.25
5,2,0,0.692187494701809,0.640909090909091,-0.0512784037927184,0,0,0,0,0,0,0,0,0,0,0
6,2,1,0.598437494701809,0.63,0.0315625052981906,0.5,1,0,1,0,1.25,2,1,1,1,0.75
7,2,0,0.602720569539791,0.517727272727273,-0.0849932968125188,1.25,2,0,2,1,0.5,1,0,1,0,-0.75
8,2,0,0.401388883590698,0.508181818181818,0.10679293459112,1.25,2,0,2,1,1.5,2,1,1,2,0.25
9,2,0,0.411805550257365,0.763636363636364,0.351830813378999,2.25,2,3,3,1,1.25,2,0,2,1,-1
10,2,0,0.498611111111111,0.506363636363636,0.00775252525252523,0.75,1,0,0,2,0.75,1,0,0,2,0
11,2,0,0.692202729044834,0.606363636363636,-0.0858390926811979,1,2,0,0,2,1.25,2,0,1,2,0.25
12,1,3,0.802586627623231,0.549090909090909,-0.253495718532322,1,1,0,2,1,1.25,1,2,1,1,0.25
13,2,0,0.402083333333333,0.642727272727273,0.240643939393939,1.75,2,2,1,2,0.75,1,1,0,1,-1
14,2,0,0.506344558321132,0.579090909090909,0.0727463507697769,0.25,0,0,0,1,0.25,0,0,0,1,0
15,2,0,0.799415204678363,0.806363636363636,0.00694843168527381,0.75,2,0,0,1,1.75,2,1,1,3,1
16,2,0,0.652269399707174,0.720909090909091,0.0686396912019167,0.25,1,0,0,0,0.25,1,0,0,0,0
17,2,0,0.705729166666667,0.708181818181818,0.0024526515151515,0.75,2,0,0,1,0.75,1,0,0,2,0
18,2,0,0.603993058204651,0.728181818181818,0.124188759977167,1,2,0,0,2,1,2,0,0,2,0
19,2,0,0.502951383590698,0.552727272727273,0.0497758891365745,0,0,0,0,0,0,0,0,0,0,0
20,1,3,0.294097216924032,0.136363636363636,-0.157733580560395,0.75,1,0,1,1,3.25,3,3,4,3,2.5
21,2,0,0.600048804294778,0.71,0.109951195705222,0.75,1,1,1,0,0.25,1,0,0,0,-0.5
22,2,0,0.602992345163535,0.4875,-0.115492345163535,1.5,1,2,2,1,0.25,1,0,0,0,-1.25
23,1,2,0.505235602094241,0.396363636363636,-0.108871965730604,1,1,1,1,1,2,2,2,2,2,1
24,1,2,0.68125,0.556363636363636,-0.124886363636364,0,0,0,0,0,1.25,0,2,2,1,1.25
25,1,1,0.787457296242069,0.82282827203924,0.0353709757971707,0.25,1,0,0,0,0.75,2,0,0,1,0.5
26,2,0,0.6015625,0.75,0.1484375,0,0,0,0,0,0,0,0,0,0,0
27,2,0,0.398412698412698,0.483636363636364,0.0852236652236653,1.75,3,0,0,4,0.5,0,0,0,2,-1.25
28,2,0,0.599305555555556,0.795454545454545,0.19614898989899,1.75,2,1,1,3,1.25,1,1,1,2,-0.5
29,1,2,0.664814814814815,0.474545454545455,-0.19026936026936,2.75,4,2,2,3,3.5,4,4,2,4,0.75
30,2,1,0.705466081015129,0.603636363636364,-0.101829717378766,0.75,2,0,0,1,1.5,2,1,1,2,0.75
31,1,2,0.600925925925926,0.238181818181818,-0.362744107744108,2.5,3,2,3,2,3.75,4,4,4,3,1.25
32,2,0,0.597382190963985,0.735454545454545,0.138072354490561,2,3,2,2,1,1.5,2,1,2,1,-0.5
33,2,0,0.658333328035143,0.672727272727273,0.01439394469213,0.25,0,0,0,1,0.25,0,0,0,1,0
34,1,2,0.594192288921425,0.487272727272727,-0.106919561648698,0.25,1,0,0,0,1,1,0,2,1,0.75
35,2,0,0.469618055555556,0.585454545454545,0.11583648989899,0,0,0,0,0,1,1,1,1,1,1
36,1,2,0.503086419753086,0.260909090909091,-0.242177328843996,2.75,4,1,2,4,3.75,4,4,3,4,1
37,2,1,0.2109375,0.469090909090909,0.258153409090909,1.75,2,1,2,2,0.75,1,0,1,1,-1
38,2,0,0.419618050257365,0.49,0.0703819497426351,2,3,2,2,1,2.25,3,2,2,2,0.25
39,1,2,0.798080279232112,0.0781818181818182,-0.719898461050293,2.25,4,1,1,3,3.75,4,4,4,3,1.5
40,1,3,0.348148148148148,0.261818181818182,-0.0863299663299663,3.5,4,4,3,3,3,3,3,3,3,-0.5
41,2,0,0.799826383590698,0.798181818181818,-0.00164456540887992,0.75,1,0,0,2,0.75,1,0,0,2,0
42,1,1,0.70173610581292,0.600909090909091,-0.10082701490383,0,0,0,0,0,0,0,0,0,0,0
43,2,0,0.802430550257365,0.813636363636364,0.0112058133789987,3,4,3,3,2,1,1,1,1,1,-2
44,2,0,0.507638888888889,0.484545454545455,-0.0230934343434343,0.5,1,1,0,0,0,0,0,0,0,-0.5
45,1,3,0.804330552244736,0.413016270337922,-0.391314281906813,1,1,1,1,1,1.75,1,2,2,2,0.75
46,2,1,0.397222216924032,0.589090909090909,0.191868692166878,2.5,3,2,2,3,3.25,3,3,3,4,0.75
47,2,0,0.790740740740741,0.620909090909091,-0.16983164983165,1,1,1,1,1,1,1,1,1,1,0
48,1,3,0.891906283280085,0.168181818181818,-0.723724465098267,0,0,0,0,0,1.25,1,2,2,0,1.25
49,2,0,0.202083333333333,0.485454545454545,0.283371212121212,0.25,1,0,0,0,0.25,0,0,0,1,0
50,1,2,0.528664680005676,0.430454545454545,-0.0982101345511306,1,1,3,0,0,1.25,2,2,0,1,0.25
51,2,0,0.501763668430335,0.645454545454546,0.14369087702421,0,0,0,0,0,0.25,0,0,0,1,0.25
52,2,0,0.889121338912134,0.51,-0.379121338912134,0,0,0,0,0,0,0,0,0,0,0
53,1,2,0.506178039876439,0.346817563935435,-0.159360475941004,2,2,2,3,1,2.75,2,3,3,3,0.75
54,1,0,0.73298610581292,0.6,-0.13298610581292,1,1,1,1,1,1.25,1,1,1,2,0.25
55,1,2,0.5,0.321818181818182,-0.178181818181818,0,0,0,0,0,3.5,4,3,3,4,3.5
56,2,0,0.499305555555556,0.49,-0.00930555555555557,0.25,1,0,0,0,0,0,0,0,0,-0.25
57,1,2,0.26423610581292,0.240909090909091,-0.0233270149038295,2.5,2,1,3,4,3.75,3,4,4,4,1.25
58,2,1,0.692290249433107,0.609090909090909,-0.0831993403421974,0.25,0,0,0,1,0,0,0,0,0,-0.25
59,1,1,0.700485597857397,0.72,0.0195144021426028,0,0,0,0,0,1.5,2,2,2,0,1.5
60,1,1,0.500347216924032,0.492727272727273,-0.00761994419675888,0,0,0,0,0,1,1,0,1,2,1
61,1,2,0.69625,0.349090909090909,-0.347159090909091,0,0,0,0,0,1.75,2,2,2,1,1.75
62,2,2,0.596701383590698,0.28,-0.316701383590698,0,0,0,0,0,0,0,0,0,0,0
63,1,1,0.70050547598989,0.42,-0.28050547598989,0.5,1,0,0,1,0.75,2,0,0,1,0.25
64,1,2,0.813067774102873,0.721818181818182,-0.0912495922846909,1.25,2,0,1,2,1.5,2,1,1,2,0.25
65,1,2,0.700347216924032,0.597272727272727,-0.103074489651304,0,0,0,0,0,0.5,1,0,0,1,0.5
66,2,1,0.599305550257365,0.57,-0.0293055502573649,1.5,1,2,2,1,1,1,1,1,1,-0.5
67,2,0,0.49861110581292,0.482727272727273,-0.0158838330856477,0.75,1,0,0,2,0.8,0,0,0,2,0.05
68,1,1,0.793078055964654,0.583636363636364,-0.20944169232829,1.5,2,1,1,2,0.75,1,0,0,2,-0.75
69,2,0,0.657407407407407,0.696363636363636,0.038956228956229,2.75,3,2,3,3,1.25,1,1,1,2,-1.5
70,1,3,0.409208819714656,0.51,0.100791180285344,1.25,2,0,0,3,2.5,4,1,1,4,1.25
71,2,0,0.800694444444444,0.69,-0.110694444444445,0.5,1,0,0,1,1,1,1,1,1,0.5
72,2,0,0.699546485260771,0.622727272727273,-0.0768192125334983,2,3,1,2,2,2.5,3,1,3,3,0.5
73,1,2,0.694270833333333,0.551818181818182,-0.142452651515152,0.75,2,0,0,1,0.75,2,0,0,1,0
74,1,1,0.601254480286738,0.509090909090909,-0.0921635711958293,0.75,2,0,0,1,0.5,1,0,0,1,-0.25
75,1,2,0.2109375,0.180909090909091,-0.0300284090909091,3.25,3,3,4,3,3.5,4,3,4,3,0.25
76,2,0,0.595168374816984,0.539090909090909,-0.0560774657260749,1.25,2,0,2,1,1.5,1,2,1,2,0.25
77,1,2,0.798148148148148,0.749090909090909,-0.0490572390572389,0.5,1,0,0,1,0.75,1,0,0,2,0.25
78,2,0,0.501464128843338,0.490909090909091,-0.0105550379342473,0.75,0,0,0,3,2,4,0,0,4,1.25
79,2,0,0.503819439146254,0.493636363636364,-0.0101830755098902,0.25,0,0,0,1,0.5,0,0,0,2,0.25
80,2,0,0.784027777777778,0.75,-0.0340277777777778,1.5,1,3,0,2,1.25,1,2,0,2,-0.25
81,2,1,0.602083333333333,0.398181818181818,-0.203901515151515,1.5,1,2,2,1,1,1,1,1,1,-0.5
82,2,0,0.59700176366843,0.675454545454545,0.078452781786115,1.5,2,1,1,2,0.75,2,0,0,1,-0.75
83,2,0,0.525694444444444,0.522727272727273,-0.00296717171717176,0.25,1,0,0,0,2,2,2,2,2,1.75
84,1,3,0.804255319148936,0.285454545454545,-0.518800773694391,0,0,0,0,0,2.25,3,3,2,1,2.25
85,2,1,0.199305555555556,0.528181818181818,0.328876262626263,1.25,1,1,2,1,0.5,0,0,1,1,-0.75
86,1,2,0.199305555555556,0.22,0.0206944444444444,1.5,2,1,2,1,2.25,3,2,2,2,0.75
87,1,3,0.700139141035852,0.445119299963574,-0.255019841072279,1.75,2,3,1,1,1.75,1,2,2,2,0
88,2,0,0.899583333333333,0.922727272727273,0.0231439393939393,0.25,0,0,0,1,0.5,1,0,0,1,0.25
89,1,3,0.65502602026842,0.245,-0.41002602026842,0,0,0,0,0,0.25,0,1,0,0,0.25
90,1,2,0.805729166666667,0.566363636363636,-0.23936553030303,1.25,1,0,2,2,2.5,3,2,2,3,1.25
91,2,0,0.598611111111111,0.487272727272727,-0.111338383838384,0.75,0,3,0,0,0.25,0,1,0,0,-0.5
92,1,0,0.697395828035143,0.640909090909091,-0.0564867371260517,0.25,1,0,0,0,0.25,0,0,0,1,0
93,1,2,0.588194444444444,0.422727272727273,-0.165467171717172,0.25,1,0,0,0,0.75,1,1,0,1,0.5
94,1,3,0.601388888888889,0.326363636363636,-0.275025252525253,0.25,1,0,0,0,3,3,3,3,3,2.75
95,2,0,0.502083333333333,0.732727272727273,0.230643939393939,0,0,0,0,0,0,0,0,0,0,0
96,1,2,0.601031870428422,0.72,0.118968129571578,0.25,0,0,0,1,0.25,0,1,0,0,0
97,2,0,0.547154471544715,0.49,-0.0571544715447154,0.5,1,0,0,1,2.5,3,1,2,4,2
98,2,0,0.497559785261103,0.492727272727273,-0.00483251253383027,0.5,0,0,0,2,0.75,1,0,0,2,0.25
99,1,1,0.500347216924032,0.47,-0.0303472169240316,0,0,0,0,0,0,0,0,0,0,0
100,1,3,1,0.22,-0.78,0,0,0,0,0,0.5,0,1,1,0,0.5
101,1,3,0.70014245014245,0.69,-0.0101424501424502,0,0,0,0,0,0,0,0,0,0,0
102,2,0,0.5,0.57,0.07,1,2,0,0,2,1.25,2,0,0,3,0.25
103,2,0,0.301388888888889,0.301212102716619,-0.000176786172269572,1.5,3,0,1,2,2,3,1,2,2,0.5
104,1,2,0.546438410074774,0.355525965379494,-0.19091244469528,2.25,2,2,2,3,1.25,1,1,2,1,-1
105,1,2,0.500694444444444,0.382727272727273,-0.117967171717172,0.25,0,0,1,0,1.75,0,3,2,2,1.5
106,1,2,0.601388888888889,0.5,-0.101388888888889,0.75,1,0,1,1,1.75,1,2,2,2,1
107,2,0,0.702847226460775,0.988181818181818,0.285334591721043,0.75,0,1,2,0,0,0,0,0,0,-0.75
108,2,0,0.8,0.888181818181818,0.0881818181818181,0.25,1,0,0,0,0.5,0,1,0,1,0.25
109,2,0,0.5,0.493636363636364,-0.00636363636363635,0,0,0,0,0,0,0,0,0,0,0
110,1,3,0.75062656641604,0.25,-0.50062656641604,3.5,4,3,3,4,4,4,4,4,4,0.5
111,1,1,0.796354161368476,0.59,-0.206354161368476,1,2,0,1,1,1,2,0,1,1,0
112,2,0,0.768229166666667,0.808181818181818,0.0399526515151516,0.75,1,1,0,1,0.5,1,0,0,1,-0.25
113,1,1,0.800351246944371,0.570727261629972,-0.2296239853144,0,0,0,0,0,0,0,0,0,0,0
114,1,3,0.733333333333333,0.394545454545455,-0.338787878787879,1,1,1,1,1,2.25,2,2,2,3,1.25
115,2,0,0.902049780380674,0.4975,-0.404549780380674,0,0,0,0,0,0.25,0,0,1,0,0.25
116,1,1,0.755555555555556,0.543636363636364,-0.211919191919192,0.75,1,1,1,0,2.5,3,3,2,2,1.75
117,2,0,0.898611111111111,0.917272727272727,0.0186616161616161,0.5,1,0,1,0,0,0,0,0,0,-0.5
118,1,2,0.610763883590698,0.72,0.109236116409302,0.75,1,0,0,2,1.5,1,2,1,2,0.75
119,1,2,0.502777777777778,0.319090909090909,-0.183686868686869,0.5,0,1,1,0,2.5,2,2,3,3,2
120,1,2,0.788481667403775,0.627272727272727,-0.161208940131048,0.75,3,0,0,0,0,0,0,0,0,-0.75
121,2,0,0.500462962962963,0.640909090909091,0.140446127946128,0.5,1,0,0,1,0.75,1,0,1,1,0.25
122,2,3,0.796180550257365,0.674545454545455,-0.12163509571191,1.5,2,1,1,2,0.5,1,1,0,0,-1
123,2,0,0.594097216924032,0.62,0.0259027830759684,0,0,0,0,0,0,0,0,0,0,0
124,2,1,0.600048804294778,0.627272727272727,0.0272239229779494,1.25,2,1,0,2,0.5,1,0,0,1,-0.75
125,1,1,0.901388888888889,0.999090909090909,0.0977020202020203,0.5,1,0,0,1,0,0,0,0,0,-0.5
126,2,0,0.533529507781465,0.669454539905895,0.13592503212443,2.75,3,1,3,4,1.75,2,1,2,2,-1
127,1,3,0.402428810720268,0.276363636363636,-0.126065174356632,2,3,0,2,3,1.5,2,1,2,1,-0.5
128,2,0,0.505902783075968,0.515454545454545,0.00955176237857702,0,0,0,0,0,0,0,0,0,0,0
129,2,0,0.714250854075159,0.626363636363636,-0.0878872177115223,0.75,2,0,0,1,0,0,0,0,0,-0.75
130,2,0,0.871428571428571,0.835454545454545,-0.035974025974026,0,0,0,0,0,0,0,0,0,0,0
131,2,0,0.798958328035143,0.914545454545455,0.115587126510312,2,3,1,1,3,1,1,0,0,3,-1
132,1,2,0.592447916666667,0.53,-0.0624479166666666,1.25,1,1,1,2,1.75,2,1,1,3,0.5
133,2,0,0.696527772479587,0.88,0.183472227520413,0,0,0,0,0,0,0,0,0,0,0
134,2,0,0.900683260126891,0.960227272727273,0.0595440126003816,0.25,1,0,0,0,0.5,0,0,1,1,0.25
135,2,0,0.498935879085507,0.947878778631037,0.44894289954553,0.5,1,1,0,0,0,0,0,0,0,-0.5
136,2,0,0.704340272479587,0.95,0.245659727520413,0.5,2,0,0,0,0.25,1,0,0,0,-0.25
137,1,3,0.802430550257365,0.524545454545455,-0.27788509571191,0,0,0,0,0,0.25,0,0,0,1,0.25
138,2,0,0.695011337868481,0.492727272727273,-0.202284065141208,0.75,1,1,0,1,1,1,2,0,1,0.25
139,1,3,0.605555555555556,0.72,0.114444444444444,0.5,1,1,0,0,0.75,1,1,0,1,0.25
140,2,0,0.398148148148148,0.577272727272727,0.179124579124579,1.25,4,1,0,0,1,2,0,1,1,-0.25
141,2,0,0.509389671361502,0.494903737259343,-0.0144859341021592,0.25,1,0,0,0,0,0,0,0,0,-0.25
142,1,2,0.501388888888889,0.26,-0.241388888888889,1.5,1,1,2,2,3.5,3,4,4,3,2
143,2,0,0.994192288921425,0.98,-0.0141922889214251,0,0,0,0,0,0,0,0,0,0,0
144,2,0,0.67820324005891,0.690909090909091,0.0127058508501807,0.5,1,0,0,1,1.25,1,2,0,2,0.75
145,1,3,0.693055550257365,0.390909090909091,-0.302146459348274,0,0,0,0,0,0.25,0,0,0,1,0.25
146,2,1,0.697222222222222,0.672727272727273,-0.0244949494949496,0.25,0,0,0,1,0,0,0,0,0,-0.25
147,1,3,0.999118165784832,0.285454545454545,-0.713663620330287,0,0,0,0,0,0,0,0,0,0,0
148,1,2,0.965277777777778,0.56,-0.405277777777778,0.5,1,1,0,0,0.25,0,1,0,0,-0.25
149,1,1,0.698611111111111,0.784545454545455,0.0859343434343435,0,0,0,0,0,0,0,0,0,0,0
150,2,0,0.9171875,0.812727272727273,-0.104460227272727,0,0,0,0,0,0,0,0,0,0,0
151,1,1,0.835602086251943,0.529090909090909,-0.306511177161034,0.5,2,0,0,0,1,2,0,1,1,0.5
152,1,0,0.997743050257365,0.990909090909091,-0.00683395934827391,0,0,0,0,0,0,0,0,0,0,0
153,2,0,0.594965272479587,0.631818181818182,0.0368529093385948,0.5,0,0,0,2,1,1,1,0,2,0.5
154,1,2,0.70173610581292,0.594545454545455,-0.107190651267466,1.5,2,1,1,2,2,3,2,2,1,0.5
155,2,0,0.60125,0.487272727272727,-0.113977272727273,0,0,0,0,0,0,0,0,0,0,0
156,2,0,0.628898142538823,0.690974037863991,0.0620758953251687,0,0,0,0,0,0.5,1,0,0,1,0.5
157,1,1,0.691756266932334,0.570909090909091,-0.120847176023243,2.25,2,3,3,1,1.5,1,1,3,1,-0.75
158,2,0,0.605555555555556,0.568181818181818,-0.0373737373737373,1,2,0,0,2,0.5,1,0,0,1,-0.5
159,1,2,0.695659716924032,0.5,-0.195659716924032,2.25,3,0,2,4,1.25,2,0,1,2,-1
160,1,3,0.500347216924032,0.34,-0.160347216924032,0.25,1,0,0,0,0,0,0,0,0,-0.25
161,2,0,0.596296296296296,0.696152004281811,0.0998557079855145,0.75,1,0,0,2,0.5,0,0,0,2,-0.25
162,1,1,0.853125,0.726363636363636,-0.126761363636364,0.75,1,0,0,2,1,1,1,0,2,0.25
163,1,3,0.783680550257365,0.296363636363636,-0.487316913893729,0,0,0,0,0,1,1,2,1,0,1
164,2,0,0.499650583327191,0.565454545454545,0.065803962127354,0,0,0,0,0,0.5,0,0,1,1,0.5
165,2,1,0.751366120218579,0.663636363636364,-0.0877297565822155,2.25,4,1,1,3,2,4,0,1,3,-0.25
166,2,0,0.701388888888889,0.753636363636364,0.0522474747474747,1.75,3,1,1,2,0.75,1,0,1,1,-1
167,1,2,0.716180559794108,0.715454545454545,-0.000726014339562653,2.25,1,3,4,1,1.75,1,2,3,1,-0.5
168,2,1,0.701388888888889,0.784545454545455,0.0831565656565657,1,1,0,1,2,1.5,4,0,0,2,0.5
169,1,3,0.807407407407407,0.102727272727273,-0.704680134680135,0,0,0,0,0,1.5,2,2,2,0,1.5
170,2,0,0.981944444444444,0.474545454545455,-0.50739898989899,1,2,0,0,2,0.25,0,0,0,1,-0.75
171,2,0,0.900208986415883,0.690909090909091,-0.209299895506792,0.75,1,0,0,2,0.75,1,0,0,2,0
172,1,3,0.897291660308838,0.348181818181818,-0.54910984212702,0.75,1,0,1,1,1.75,2,2,1,2,1
173,2,0,0.49861110581292,0.823636363636364,0.325025257823443,0.75,2,1,0,0,0.25,0,0,1,0,-0.5
174,2,1,0.505555550257365,0.489090909090909,-0.0164646411664558,0.75,0,0,0,3,0.75,0,0,0,3,0
175,2,0,0.557182705718271,0.755454545454545,0.198271839736275,0.75,2,0,0,1,1,2,0,0,2,0.25
176,2,0,0.920204978038067,0.811919181130149,-0.108285796907918,0,0,0,0,0,0,0,0,0,0,0
177,2,0,0.857247437774524,0.627272727272727,-0.229974710501797,0.6,3,0,0,0,0.75,3,0,0,0,0.15
178,1,2,0.395070766227428,0.534545454545455,0.139474688318027,0.75,1,2,0,0,0.5,0,2,0,0,-0.25
179,1,1,0.498263883590698,0.454545454545455,-0.0437184290452437,0,0,0,0,0,1.25,1,1,1,2,1.25
180,1,2,0.607407407407407,0.57,-0.0374074074074074,1,2,0,2,0,1,1,1,2,0,0
181,2,0,0.499305555555556,0.57,0.0706944444444444,0.75,1,1,0,1,0.75,1,1,0,1,0
182,1,2,0.90946803318692,0.279090909090909,-0.630377124096011,0,0,0,0,0,0.4,2,0,0,0,0.4
183,1,3,0.703472216924032,0.423636363636364,-0.279835853287668,0.25,1,0,0,0,0.25,0,1,0,0,0
184,1,1,0.885763883590698,0.821818181818182,-0.0639457017725165,0.5,2,0,0,0,0.75,1,1,0,1,0.25
185,1,0,0.697222222222222,0.874545454545455,0.177323232323232,1.25,1,4,0,0,1.5,1,4,1,0,0.25
186,1,3,0.726851851851852,0.34,-0.386851851851852,1.75,3,0,0,4,1.25,1,0,0,4,-0.5
187,2,1,0.797916666666667,0.787272727272727,-0.0106439393939395,1.25,3,0,0,2,2.5,4,2,1,3,1.25
188,1,3,0.697083333333333,0.365454545454545,-0.331628787878788,2,3,1,1,3,1.25,1,1,2,1,-0.75
189,2,0,0.787524366471735,0.750909090909091,-0.0366152755626441,0,0,0,0,0,0,0,0,0,0,0
190,1,2,0.800200803212851,0.84,0.0397991967871486,0,0,0,0,0,0,0,0,0,0,0
191,1,1,0.708680550257365,0.49,-0.218680550257365,1,2,2,0,0,0.25,0,0,1,0,-0.75
192,1,3,0.596701383590698,0.481818181818182,-0.114883201772516,0.75,1,0,1,1,1.25,2,1,1,1,0.5
193,1,0,0.399305555555556,0.533636363636364,0.134330808080808,0.25,0,0,0,1,0.75,2,1,0,0,0.5
194,1,3,0.598437494701809,0.646363636363636,0.047926141661827,0.5,2,0,0,0,1,2,1,1,0,0.5
195,2,0,0.823278029160382,0.964545454545454,0.141267425385072,1,2,0,1,1,1.5,2,1,1,2,0.5
196,2,1,0.712847216924032,0.967272727272727,0.254425510348696,0.75,1,1,1,0,0.75,1,1,1,0,0
197,2,0,0.496006939146254,0.494545454545455,-0.00146148460079931,1.75,2,4,0,1,1.5,1,4,0,1,-0.25
198,1,1,0.998148148148148,0.881818181818182,-0.116329966329966,0.75,2,1,0,0,0,0,0,0,0,-0.75
199,1,0,0.293055550257365,0.697272727272727,0.404217177015362,1,3,0,0,1,1.5,2,1,2,1,0.5
200,1,3,0.800694439146254,0.230909090909091,-0.569785348237163,0,0,0,0,0,0.75,1,1,0,1,0.75
201,2,1,0.699999994701809,0.485454545454545,-0.214545449247264,1,2,1,1,0,2.25,3,2,3,1,1.25
202,2,0,0.308333333333333,0.487272727272727,0.178939393939394,0.5,2,0,0,0,0,0,0,0,0,-0.5
203,2,1,0.697657393850659,0.701818181818182,0.00416078796752284,0.6,2,1,0,0,0.5,1,1,0,0,-0.1
204,1,3,0.567421576139844,0.0530302845348011,-0.514391291605043,0.5,2,0,0,0,4,4,4,4,4,3.5
205,2,0,0.899583333333333,0.969090909090909,0.0695075757575758,1,2,0,2,0,0.25,0,0,0,1,-0.75
206,2,0,0.615277777777778,0.716363636363636,0.101085858585859,0.25,0,1,0,0,0.75,1,1,0,1,0.5
207,1,3,0.29796397807361,0.100909090909091,-0.197054887164519,3.25,3,3,4,3,3.5,3,4,4,3,0.25
208,2,0,0.700701681012735,0.847727272727273,0.147025591714538,0,0,0,0,0,0.25,0,0,0,1,0.25
209,1,1,0.709370424597365,0.409090909090909,-0.300279515506455,0,0,0,0,0,0.25,0,0,0,1,0.25
210,1,3,0.785937494701809,0.305454545454545,-0.480482949247264,1.25,2,1,1,1,2,2,2,2,2,0.75
211,2,1,0.225694444444444,0.504545454545455,0.27885101010101,3.75,3,4,4,4,2.75,3,3,2,3,-1
212,1,2,0.798090272479587,0.645454545454546,-0.152635727025042,0.5,1,0,0,1,0.5,1,0,1,0,0
213,1,3,0.396296296296296,0.153636363636364,-0.242659932659933,0.75,2,0,0,1,2,2,2,2,2,1.25
214,2,0,0.596296296296296,0.49,-0.106296296296296,0.5,2,0,0,0,0.5,1,0,0,1,0
215,2,0,0.89537037037037,0.917272727272727,0.0219023569023569,0.25,1,0,0,0,0.25,0,0,0,1,0
216,2,2,0.785833326975505,0.824545454545455,0.03871212756995,0.5,1,0,0,1,0,0,0,0,0,-0.5
217,1,3,0.287234042553192,0.307272727272727,0.0200386847195357,2.5,4,2,0,4,3.5,4,3,3,4,1
218,1,1,0.803347280334728,0.508181818181818,-0.29516546215291,2,1,1,2,4,2.25,2,2,1,4,0.25
219,2,0,0.895802830649097,0.97,0.0741971693509028,0,0,0,0,0,0,0,0,0,0,0
220,2,0,0.702777777777778,0.732727272727273,0.0299494949494951,0.75,1,0,0,2,0.5,1,0,0,1,-0.25
221,2,1,0.689848230081747,0.784545454545455,0.0946972244637073,1.75,4,1,1,1,2.25,3,2,2,2,0.5
222,2,0,0.4,0.536363636363636,0.136363636363636,1,1,0,0,3,1,0,0,0,4,0
223,2,0,0.803518667741069,0.793188435960873,-0.0103302317801964,0.25,1,0,0,0,0,0,0,0,0,-0.25
224,1,0,0.79548610581292,0.726363636363636,-0.0691224694492842,0.75,1,0,0,2,0.5,0,0,0,2,-0.25
225,1,3,0.397037037037037,0.560909090909091,0.163872053872054,0.5,1,1,0,0,0,0,0,0,0,-0.5
226,2,1,0.609259259259259,0.759090909090909,0.14983164983165,0.25,1,0,0,0,0.25,1,0,0,0,0
227,1,1,0.723036641225765,0.841818181818182,0.118781540592417,1.25,2,1,0,2,1,2,0,0,2,-0.25
228,1,1,0.981007157464213,0.983225806451613,0.00221864898740032,1.5,1,3,0,2,1,3,0,0,1,-0.5
229,1,2,0.808333333333333,0.930909090909091,0.122575757575758,1.5,2,0,2,2,1.5,3,0,0,3,0
230,2,0,0.698263883590698,0.959090909090909,0.260827025500211,1,1,1,2,0,0,0,0,0,0,-1
231,1,2,0.594097216924032,0.495454545454545,-0.0986426714694861,0.5,1,0,0,1,0.25,1,0,0,0,-0.25
232,2,2,0.502951383590698,0.461515142267401,-0.0414362413232976,1,2,0,0,2,1.75,2,2,2,1,0.75
233,2,0,0.602574515360254,0.44907453363592,-0.153499981724334,1.5,3,1,1,1,1.25,2,1,0,2,-0.25
234,1,3,0.79526598340654,0.472045454545455,-0.323220528861085,2,2,2,1,3,1.5,2,2,1,1,-0.5
235,1,3,1,0.886363636363636,-0.113636363636364,0,0,0,0,0,0,0,0,0,0,0
236,2,0,0.799950908198331,0.834545454545454,0.0345945463471236,1.75,1,2,3,1,2.5,3,2,2,3,0.75
237,1,2,0.551244509516837,0.409090909090909,-0.142153600425928,0.75,1,0,0,2,3.75,4,4,3,4,3
238,1,2,0.992222086588542,0.775454545454546,-0.216767541133996,0,0,0,0,0,0,0,0,0,0,0
239,1,2,0.60017360581292,0.650909090909091,0.0507354850961704,1.5,2,1,1,2,1.5,2,1,1,2,0
240,2,3,0.988530990727184,0.987272727272727,-0.00125826345445668,0,0,0,0,0,0,0,0,0,0,0
241,1,3,0.130677836995955,0.435454545454545,0.304776708458591,2,2,2,3,1,1.75,2,2,2,1,-0.25
242,1,3,0.778993050257365,0.490909090909091,-0.288083959348274,0.25,0,0,0,1,0.25,1,0,0,0,0
243,1,2,0.807638883590698,0.65594058304856,-0.151698300542138,2.25,3,1,3,2,3,3,3,3,3,0.75
244,1,1,0.699305555555556,0.66,-0.0393055555555555,1.25,1,3,0,1,1.5,2,1,0,3,0.25
245,2,0,0.361458328035143,0.542727272727273,0.18126894469213,3.25,4,3,2,4,1.25,2,0,0,3,-2
246,1,2,0.704583326975505,0.492626259543679,-0.211957067431826,1,2,0,0,2,1.5,1,2,1,2,0.5
247,1,1,0.8078125,0.924545454545455,0.116732954545455,0.75,1,0,0,2,1.25,2,1,0,2,0.5
248,1,3,0.399612403100775,0.133636363636364,-0.265976039464412,0.25,0,0,0,1,0,0,0,0,0,-0.25
249,1,0,0.894826744753538,0.930909090909091,0.0360823461555526,0.5,1,0,1,0,0.25,0,0,0,1,-0.25
250,2,1,0.625925925925926,0.671818181818182,0.045892255892256,0.5,1,0,0,1,1.75,2,1,1,3,1.25
251,1,3,0.879583326975505,0.234545454545455,-0.64503787243005,0.75,1,1,0,1,2,2,2,2,2,1.25
252,1,3,0.987554904831625,0.584545454545455,-0.403009450286171,1.75,2,2,2,1,0.25,1,0,0,0,-1.5
253,1,1,0.67829860581292,0.554545454545455,-0.123753151267466,0,0,0,0,0,0.75,2,0,1,0,0.75
254,2,2,0.800694444444444,0.793636363636364,-0.0070580808080809,3.25,3,2,4,4,2.25,2,2,3,2,-1
255,1,3,0.396534895070766,0.11,-0.286534895070766,2.75,3,2,4,2,3.25,4,3,4,2,0.5
256,2,0,0.738888883590698,0.72,-0.0188888835906983,0.5,0,0,0,2,0.75,0,0,1,2,0.25
257,2,0,0.562847216924032,0.550909090909091,-0.0119381260149407,0.5,1,0,0,1,1.25,2,0,1,2,0.75
258,1,2,0.80762454975961,0.398000002774325,-0.409624546985285,1.75,2,1,1,3,2.75,3,3,2,3,1
259,2,2,0.952604161368476,0.98,0.0273958386315239,0,0,0,0,0,0,0,0,0,0,0
260,1,3,0.00268423621278673,0.566590909090909,0.563906672878122,1,1,1,1,1,1.25,1,1,2,1,0.25
261,2,0,0.908680550257365,0.990909090909091,0.082228540651726,0,0,0,0,0,0,0,0,0,0,0
262,2,0,0.397222222222222,0.654545454545455,0.257323232323232,2.5,2,4,3,1,3.5,3,4,4,3,1
263,2,0,0.494097216924032,0.98,0.485902783075968,0.5,0,2,0,0,1.5,0,2,2,2,1
264,2,0,0.305208333333333,0.499090909090909,0.193882575757576,0.75,1,0,0,2,2,3,0,2,3,1.25
265,2,3,0.911111105642011,0.979090909090909,0.0679798034488979,2,1,2,3,2,3.25,2,4,4,3,1.25
266,1,3,0.497354497354497,0.745454545454545,0.248100048100048,2.25,3,0,2,4,4,4,4,4,4,1.75
267,2,0,0.753835425383543,0.73,-0.0238354253835426,1,1,0,1,2,1.75,2,1,1,3,0.75
268,1,2,0.6966813079551,0.43,-0.2666813079551,0.5,1,1,0,0,0,0,0,0,0,-0.5
269,2,3,0.941093216203026,0.974772727272727,0.0336795110697014,0.75,1,1,0,1,0,0,0,0,0,-0.75
270,2,0,0.900174512080913,1,0.0998254879190867,0,0,0,0,0,0,0,0,0,0,0
271,1,2,0.704489995119571,0.463636363636364,-0.240853631483207,2,3,2,1,2,1,1,2,1,0,-1
272,1,3,0.699305550257365,0.549090909090909,-0.150214641166456,1.25,2,0,2,1,1.75,2,2,0,3,0.5
273,2,0,0.902430550257365,0.823636363636364,-0.0787941866210013,0.25,1,0,0,0,0.25,1,0,0,0,0
274,1,1,0.6,0.618181818181818,0.0181818181818182,1.75,3,0,0,4,1.5,2,1,1,2,-0.25
275,1,2,0.707812494701809,0.244545454545455,-0.463267040156355,2.75,3,2,2,4,3,2,4,4,2,0.25
276,1,2,0.812847216924032,0.691818181818182,-0.12102903510585,3,3,3,3,3,2.75,3,2,3,3,-0.25
277,2,0,0.994295237753629,0.991818181818182,-0.00247705593544678,0,0,0,0,0,0,0,0,0,0,0
278,1,0,0.809076632036871,0.657329324255145,-0.151747307781726,0.25,1,0,0,0,2,2,2,0,4,1.75
279,1,1,0.630307467057101,0.590227272727273,-0.0400801943298283,0.5,1,1,0,0,0.5,0,1,0,1,0
280,1,2,0.386278907724675,0.458181818181818,0.0719029104571433,2.25,3,3,3,0,1.75,2,0,3,2,-0.5
281,1,2,0.606597471237183,0.686363636363636,0.0797661651264537,1.75,1,2,2,2,2,2,2,3,1,0.25
282,1,1,0.605474264309333,0.523263333093629,-0.0822109312157038,0.25,1,0,0,0,0,0,0,0,0,-0.25
